{"_wandb":{"runtime":74},"batch_loss":6.122013092041016,"epoch":0,"_timestamp":1.7462661712956958e+09,"_runtime":73.836980139,"batch":800,"val_loss":6.036702601114909,"train_loss":6.267978944307492,"_step":82}