{"_timestamp":1.7462664927945132e+09,"batch_loss":6.096423149108887,"_runtime":74.300012238,"epoch":0,"_step":82,"_wandb":{"runtime":74},"batch":800,"val_loss":6.032211870617337,"train_loss":6.261659641030394}